"Invitado","Cupos","Link invitacion","Mensaje","Compartir por WhatsApp"
"Familia Marin","4","https://crisdeve.github.io/baby-frijolito/i/familia-marin/","¡Hola, Familia Marin! Queremos invitarte al baby shower de Frijolin. Aquí está tu invitación: https://crisdeve.github.io/baby-frijolito/i/familia-marin/","https://wa.me/?text=%C2%A1Hola%2C%20Familia%20Marin!%20Queremos%20invitarte%20al%20baby%20shower%20de%20Frijolin.%20Aqu%C3%AD%20est%C3%A1%20tu%20invitaci%C3%B3n%3A%20https%3A%2F%2Fcrisdeve.github.io%2Fbaby-frijolito%2Fi%2Ffamilia-marin%2F"
"Dany y familia","2","https://crisdeve.github.io/baby-frijolito/i/dany-y-familia/","¡Hola, Dany y familia! Queremos invitarte al baby shower de Frijolin. Aquí está tu invitación: https://crisdeve.github.io/baby-frijolito/i/dany-y-familia/","https://wa.me/?text=%C2%A1Hola%2C%20Dany%20y%20familia!%20Queremos%20invitarte%20al%20baby%20shower%20de%20Frijolin.%20Aqu%C3%AD%20est%C3%A1%20tu%20invitaci%C3%B3n%3A%20https%3A%2F%2Fcrisdeve.github.io%2Fbaby-frijolito%2Fi%2Fdany-y-familia%2F"
"Jose David & Laura","2","https://crisdeve.github.io/baby-frijolito/i/jose-david-y-laura/","¡Hola, Jose David & Laura! Queremos invitarte al baby shower de Frijolin. Aquí está tu invitación: https://crisdeve.github.io/baby-frijolito/i/jose-david-y-laura/","https://wa.me/?text=%C2%A1Hola%2C%20Jose%20David%20%26%20Laura!%20Queremos%20invitarte%20al%20baby%20shower%20de%20Frijolin.%20Aqu%C3%AD%20est%C3%A1%20tu%20invitaci%C3%B3n%3A%20https%3A%2F%2Fcrisdeve.github.io%2Fbaby-frijolito%2Fi%2Fjose-david-y-laura%2F"
"Jose Luis & Astrid","2","https://crisdeve.github.io/baby-frijolito/i/jose-luis-y-astrid/","¡Hola, Jose Luis & Astrid! Queremos invitarte al baby shower de Frijolin. Aquí está tu invitación: https://crisdeve.github.io/baby-frijolito/i/jose-luis-y-astrid/","https://wa.me/?text=%C2%A1Hola%2C%20Jose%20Luis%20%26%20Astrid!%20Queremos%20invitarte%20al%20baby%20shower%20de%20Frijolin.%20Aqu%C3%AD%20est%C3%A1%20tu%20invitaci%C3%B3n%3A%20https%3A%2F%2Fcrisdeve.github.io%2Fbaby-frijolito%2Fi%2Fjose-luis-y-astrid%2F"
"Dani & Cami","2","https://crisdeve.github.io/baby-frijolito/i/dani-y-cami/","¡Hola, Dani & Cami! Queremos invitarte al baby shower de Frijolin. Aquí está tu invitación: https://crisdeve.github.io/baby-frijolito/i/dani-y-cami/","https://wa.me/?text=%C2%A1Hola%2C%20Dani%20%26%20Cami!%20Queremos%20invitarte%20al%20baby%20shower%20de%20Frijolin.%20Aqu%C3%AD%20est%C3%A1%20tu%20invitaci%C3%B3n%3A%20https%3A%2F%2Fcrisdeve.github.io%2Fbaby-frijolito%2Fi%2Fdani-y-cami%2F"
"Santi & Lore","2","https://crisdeve.github.io/baby-frijolito/i/santi-y-lore/","¡Hola, Santi & Lore! Queremos invitarte al baby shower de Frijolin. Aquí está tu invitación: https://crisdeve.github.io/baby-frijolito/i/santi-y-lore/","https://wa.me/?text=%C2%A1Hola%2C%20Santi%20%26%20Lore!%20Queremos%20invitarte%20al%20baby%20shower%20de%20Frijolin.%20Aqu%C3%AD%20est%C3%A1%20tu%20invitaci%C3%B3n%3A%20https%3A%2F%2Fcrisdeve.github.io%2Fbaby-frijolito%2Fi%2Fsanti-y-lore%2F"
"Adrianita","1","https://crisdeve.github.io/baby-frijolito/i/adrianita/","¡Hola, Adrianita! Queremos invitarte al baby shower de Frijolin. Aquí está tu invitación: https://crisdeve.github.io/baby-frijolito/i/adrianita/","https://wa.me/?text=%C2%A1Hola%2C%20Adrianita!%20Queremos%20invitarte%20al%20baby%20shower%20de%20Frijolin.%20Aqu%C3%AD%20est%C3%A1%20tu%20invitaci%C3%B3n%3A%20https%3A%2F%2Fcrisdeve.github.io%2Fbaby-frijolito%2Fi%2Fadrianita%2F"
"Andres & Marcela","2","https://crisdeve.github.io/baby-frijolito/i/andres-y-marcela/","¡Hola, Andres & Marcela! Queremos invitarte al baby shower de Frijolin. Aquí está tu invitación: https://crisdeve.github.io/baby-frijolito/i/andres-y-marcela/","https://wa.me/?text=%C2%A1Hola%2C%20Andres%20%26%20Marcela!%20Queremos%20invitarte%20al%20baby%20shower%20de%20Frijolin.%20Aqu%C3%AD%20est%C3%A1%20tu%20invitaci%C3%B3n%3A%20https%3A%2F%2Fcrisdeve.github.io%2Fbaby-frijolito%2Fi%2Fandres-y-marcela%2F"
"Thomas","1","https://crisdeve.github.io/baby-frijolito/i/thomas/","¡Hola, Thomas! Queremos invitarte al baby shower de Frijolin. Aquí está tu invitación: https://crisdeve.github.io/baby-frijolito/i/thomas/","https://wa.me/?text=%C2%A1Hola%2C%20Thomas!%20Queremos%20invitarte%20al%20baby%20shower%20de%20Frijolin.%20Aqu%C3%AD%20est%C3%A1%20tu%20invitaci%C3%B3n%3A%20https%3A%2F%2Fcrisdeve.github.io%2Fbaby-frijolito%2Fi%2Fthomas%2F"
"Vanessa","1","https://crisdeve.github.io/baby-frijolito/i/vanessa/","¡Hola, Vanessa! Queremos invitarte al baby shower de Frijolin. Aquí está tu invitación: https://crisdeve.github.io/baby-frijolito/i/vanessa/","https://wa.me/?text=%C2%A1Hola%2C%20Vanessa!%20Queremos%20invitarte%20al%20baby%20shower%20de%20Frijolin.%20Aqu%C3%AD%20est%C3%A1%20tu%20invitaci%C3%B3n%3A%20https%3A%2F%2Fcrisdeve.github.io%2Fbaby-frijolito%2Fi%2Fvanessa%2F"
"Jonnathan & Dennise","1","https://crisdeve.github.io/baby-frijolito/i/jonnathan/","¡Hola, Jonnathan & Dennise! Queremos invitarte al baby shower de Frijolin. Aquí está tu invitación: https://crisdeve.github.io/baby-frijolito/i/jonnathan/","https://wa.me/?text=%C2%A1Hola%2C%20Jonnathan%20%26%20Dennise!%20Queremos%20invitarte%20al%20baby%20shower%20de%20Frijolin.%20Aqu%C3%AD%20est%C3%A1%20tu%20invitaci%C3%B3n%3A%20https%3A%2F%2Fcrisdeve.github.io%2Fbaby-frijolito%2Fi%2Fjonnathan%2F"
"Camilo","1","https://crisdeve.github.io/baby-frijolito/i/camilo/","¡Hola, Camilo! Queremos invitarte al baby shower de Frijolin. Aquí está tu invitación: https://crisdeve.github.io/baby-frijolito/i/camilo/","https://wa.me/?text=%C2%A1Hola%2C%20Camilo!%20Queremos%20invitarte%20al%20baby%20shower%20de%20Frijolin.%20Aqu%C3%AD%20est%C3%A1%20tu%20invitaci%C3%B3n%3A%20https%3A%2F%2Fcrisdeve.github.io%2Fbaby-frijolito%2Fi%2Fcamilo%2F"
"Ana","1","https://crisdeve.github.io/baby-frijolito/i/ana/","¡Hola, Ana! Queremos invitarte al baby shower de Frijolin. Aquí está tu invitación: https://crisdeve.github.io/baby-frijolito/i/ana/","https://wa.me/?text=%C2%A1Hola%2C%20Ana!%20Queremos%20invitarte%20al%20baby%20shower%20de%20Frijolin.%20Aqu%C3%AD%20est%C3%A1%20tu%20invitaci%C3%B3n%3A%20https%3A%2F%2Fcrisdeve.github.io%2Fbaby-frijolito%2Fi%2Fana%2F"
"Diego","1","https://crisdeve.github.io/baby-frijolito/i/diego/","¡Hola, Diego! Queremos invitarte al baby shower de Frijolin. Aquí está tu invitación: https://crisdeve.github.io/baby-frijolito/i/diego/","https://wa.me/?text=%C2%A1Hola%2C%20Diego!%20Queremos%20invitarte%20al%20baby%20shower%20de%20Frijolin.%20Aqu%C3%AD%20est%C3%A1%20tu%20invitaci%C3%B3n%3A%20https%3A%2F%2Fcrisdeve.github.io%2Fbaby-frijolito%2Fi%2Fdiego%2F"
"Juan","1","https://crisdeve.github.io/baby-frijolito/i/juan/","¡Hola, Juan! Queremos invitarte al baby shower de Frijolin. Aquí está tu invitación: https://crisdeve.github.io/baby-frijolito/i/juan/","https://wa.me/?text=%C2%A1Hola%2C%20Juan!%20Queremos%20invitarte%20al%20baby%20shower%20de%20Frijolin.%20Aqu%C3%AD%20est%C3%A1%20tu%20invitaci%C3%B3n%3A%20https%3A%2F%2Fcrisdeve.github.io%2Fbaby-frijolito%2Fi%2Fjuan%2F"
"Valentina","1","https://crisdeve.github.io/baby-frijolito/i/valentina/","¡Hola, Valentina! Queremos invitarte al baby shower de Frijolin. Aquí está tu invitación: https://crisdeve.github.io/baby-frijolito/i/valentina/","https://wa.me/?text=%C2%A1Hola%2C%20Valentina!%20Queremos%20invitarte%20al%20baby%20shower%20de%20Frijolin.%20Aqu%C3%AD%20est%C3%A1%20tu%20invitaci%C3%B3n%3A%20https%3A%2F%2Fcrisdeve.github.io%2Fbaby-frijolito%2Fi%2Fvalentina%2F"
"Jonnathan & Dennise","2","https://crisdeve.github.io/baby-frijolito/i/jonnathan-2/","¡Hola, Jonnathan & Dennise! Queremos invitarte al baby shower de Frijolin. Aquí está tu invitación: https://crisdeve.github.io/baby-frijolito/i/jonnathan-2/","https://wa.me/?text=%C2%A1Hola%2C%20Jonnathan%20%26%20Dennise!%20Queremos%20invitarte%20al%20baby%20shower%20de%20Frijolin.%20Aqu%C3%AD%20est%C3%A1%20tu%20invitaci%C3%B3n%3A%20https%3A%2F%2Fcrisdeve.github.io%2Fbaby-frijolito%2Fi%2Fjonnathan-2%2F"
"Miller & Familia","3","https://crisdeve.github.io/baby-frijolito/i/miller-y-familia/","¡Hola, Miller & Familia! Queremos invitarte al baby shower de Frijolin. Aquí está tu invitación: https://crisdeve.github.io/baby-frijolito/i/miller-y-familia/","https://wa.me/?text=%C2%A1Hola%2C%20Miller%20%26%20Familia!%20Queremos%20invitarte%20al%20baby%20shower%20de%20Frijolin.%20Aqu%C3%AD%20est%C3%A1%20tu%20invitaci%C3%B3n%3A%20https%3A%2F%2Fcrisdeve.github.io%2Fbaby-frijolito%2Fi%2Fmiller-y-familia%2F"
"Maria del Carmen","1","https://crisdeve.github.io/baby-frijolito/i/maria-del-carmen/","¡Hola, Maria del Carmen! Queremos invitarte al baby shower de Frijolin. Aquí está tu invitación: https://crisdeve.github.io/baby-frijolito/i/maria-del-carmen/","https://wa.me/?text=%C2%A1Hola%2C%20Maria%20del%20Carmen!%20Queremos%20invitarte%20al%20baby%20shower%20de%20Frijolin.%20Aqu%C3%AD%20est%C3%A1%20tu%20invitaci%C3%B3n%3A%20https%3A%2F%2Fcrisdeve.github.io%2Fbaby-frijolito%2Fi%2Fmaria-del-carmen%2F"
"Jaime & Giss","2","https://crisdeve.github.io/baby-frijolito/i/jaima-y-giss/","¡Hola, Jaime & Giss! Queremos invitarte al baby shower de Frijolin. Aquí está tu invitación: https://crisdeve.github.io/baby-frijolito/i/jaima-y-giss/","https://wa.me/?text=%C2%A1Hola%2C%20Jaime%20%26%20Giss!%20Queremos%20invitarte%20al%20baby%20shower%20de%20Frijolin.%20Aqu%C3%AD%20est%C3%A1%20tu%20invitaci%C3%B3n%3A%20https%3A%2F%2Fcrisdeve.github.io%2Fbaby-frijolito%2Fi%2Fjaima-y-giss%2F"
"Luigi & Paola","4","https://crisdeve.github.io/baby-frijolito/i/luigi-y-paola/","¡Hola, Luigi & Paola! Queremos invitarte al baby shower de Frijolin. Aquí está tu invitación: https://crisdeve.github.io/baby-frijolito/i/luigi-y-paola/","https://wa.me/?text=%C2%A1Hola%2C%20Luigi%20%26%20Paola!%20Queremos%20invitarte%20al%20baby%20shower%20de%20Frijolin.%20Aqu%C3%AD%20est%C3%A1%20tu%20invitaci%C3%B3n%3A%20https%3A%2F%2Fcrisdeve.github.io%2Fbaby-frijolito%2Fi%2Fluigi-y-paola%2F"
"Mauricio e Ingrid","3","https://crisdeve.github.io/baby-frijolito/i/mauricio-e-ingrid/","¡Hola, Mauricio e Ingrid! Queremos invitarte al baby shower de Frijolin. Aquí está tu invitación: https://crisdeve.github.io/baby-frijolito/i/mauricio-e-ingrid/","https://wa.me/?text=%C2%A1Hola%2C%20Mauricio%20e%20Ingrid!%20Queremos%20invitarte%20al%20baby%20shower%20de%20Frijolin.%20Aqu%C3%AD%20est%C3%A1%20tu%20invitaci%C3%B3n%3A%20https%3A%2F%2Fcrisdeve.github.io%2Fbaby-frijolito%2Fi%2Fmauricio-e-ingrid%2F"
"Luz Amparo","1","https://crisdeve.github.io/baby-frijolito/i/luz-amparo/","¡Hola, Luz Amparo! Queremos invitarte al baby shower de Frijolin. Aquí está tu invitación: https://crisdeve.github.io/baby-frijolito/i/luz-amparo/","https://wa.me/?text=%C2%A1Hola%2C%20Luz%20Amparo!%20Queremos%20invitarte%20al%20baby%20shower%20de%20Frijolin.%20Aqu%C3%AD%20est%C3%A1%20tu%20invitaci%C3%B3n%3A%20https%3A%2F%2Fcrisdeve.github.io%2Fbaby-frijolito%2Fi%2Fluz-amparo%2F"
"Leidy","1","https://crisdeve.github.io/baby-frijolito/i/leidy/","¡Hola, Leidy! Queremos invitarte al baby shower de Frijolin. Aquí está tu invitación: https://crisdeve.github.io/baby-frijolito/i/leidy/","https://wa.me/?text=%C2%A1Hola%2C%20Leidy!%20Queremos%20invitarte%20al%20baby%20shower%20de%20Frijolin.%20Aqu%C3%AD%20est%C3%A1%20tu%20invitaci%C3%B3n%3A%20https%3A%2F%2Fcrisdeve.github.io%2Fbaby-frijolito%2Fi%2Fleidy%2F"
"Heriberto & Angelica","3","https://crisdeve.github.io/baby-frijolito/i/heriberto-y-angelica/","¡Hola, Heriberto & Angelica! Queremos invitarte al baby shower de Frijolin. Aquí está tu invitación: https://crisdeve.github.io/baby-frijolito/i/heriberto-y-angelica/","https://wa.me/?text=%C2%A1Hola%2C%20Heriberto%20%26%20Angelica!%20Queremos%20invitarte%20al%20baby%20shower%20de%20Frijolin.%20Aqu%C3%AD%20est%C3%A1%20tu%20invitaci%C3%B3n%3A%20https%3A%2F%2Fcrisdeve.github.io%2Fbaby-frijolito%2Fi%2Fheriberto-y-angelica%2F"
"Jessica","3","https://crisdeve.github.io/baby-frijolito/i/jessica/","¡Hola, Jessica! Queremos invitarte al baby shower de Frijolin. Aquí está tu invitación: https://crisdeve.github.io/baby-frijolito/i/jessica/","https://wa.me/?text=%C2%A1Hola%2C%20Jessica!%20Queremos%20invitarte%20al%20baby%20shower%20de%20Frijolin.%20Aqu%C3%AD%20est%C3%A1%20tu%20invitaci%C3%B3n%3A%20https%3A%2F%2Fcrisdeve.github.io%2Fbaby-frijolito%2Fi%2Fjessica%2F"
"Gustavo y Fabian Pulido","3","https://crisdeve.github.io/baby-frijolito/i/gustavo-y-fabian-pulido/","¡Hola, Gustavo y Fabian Pulido! Queremos invitarte al baby shower de Frijolin. Aquí está tu invitación: https://crisdeve.github.io/baby-frijolito/i/gustavo-y-fabian-pulido/","https://wa.me/?text=%C2%A1Hola%2C%20Gustavo%20y%20Fabian%20Pulido!%20Queremos%20invitarte%20al%20baby%20shower%20de%20Frijolin.%20Aqu%C3%AD%20est%C3%A1%20tu%20invitaci%C3%B3n%3A%20https%3A%2F%2Fcrisdeve.github.io%2Fbaby-frijolito%2Fi%2Fgustavo-y-fabian-pulido%2F"
"Linda & Yair","3","https://crisdeve.github.io/baby-frijolito/i/velasco-familia/","¡Hola, Linda & Yair! Queremos invitarte al baby shower de Frijolin. Aquí está tu invitación: https://crisdeve.github.io/baby-frijolito/i/velasco-familia/","https://wa.me/?text=%C2%A1Hola%2C%20Linda%20%26%20Yair!%20Queremos%20invitarte%20al%20baby%20shower%20de%20Frijolin.%20Aqu%C3%AD%20est%C3%A1%20tu%20invitaci%C3%B3n%3A%20https%3A%2F%2Fcrisdeve.github.io%2Fbaby-frijolito%2Fi%2Fvelasco-familia%2F"
